Title,Price,Date,City,Source
Iphone 8 plus,2800.0,2022-01-03 00:00:00+00:00,Mohammedia,marocannonces
Apple iPhone 8 64Go Gold,1800.0,2022-01-03 00:00:00+00:00,Casablanca,marocannonces
Iphone 8 256gb officiel,2500.0,2022-01-03 00:00:00+00:00,Casablanca,marocannonces
Iphone 8 plus 64 G,2800.0,2022-01-03 00:00:00+00:00,Casablanca,marocannonces
IPhone 8 Plus 64 gb,3000.0,2022-01-03 00:00:00+00:00,Salé,marocannonces
Iphone 8 64gb,1400.0,2022-01-03 00:00:00+00:00,Casablanca,marocannonces
Iphone 8 hamza,1200.0,2022-01-03 00:00:00+00:00,Rabat,marocannonces
Iphone 8 plus,4000.0,2022-01-03 00:00:00+00:00,Safi,marocannonces
IPHONE 8 NOIR,1800.0,2022-01-03 00:00:00+00:00,Casablanca,marocannonces
IPhone 8 64g pour pièces,2300.0,2022-01-03 00:00:00+00:00,Kénitra,marocannonces
Iphone 8 plus,3200.0,2022-01-03 00:00:00+00:00,Casablanca,marocannonces
IPhone 8 Noir 64 GO,5500.0,2022-01-03 00:00:00+00:00,Kénitra,marocannonces
IPhone 5s Silver Black emprunte digitale,1400.0,2022-01-03 00:00:00+00:00,Casablanca,marocannonces
Iphone 7/7+/8,2500.0,2022-01-03 00:00:00+00:00,Casablanca,marocannonces
Iphone 8 Gris 64Go,8200.0,2022-01-03 00:00:00+00:00,Rabat,marocannonces
Apple iPhone 8 Plus de 256 Go - carte sim Unlocked,500.0,2022-01-03 00:00:00+00:00,Dakhla,marocannonces
Iphone 8 icloud,500.0,2022-01-03 00:00:00+00:00,Rabat,marocannonces
Smartphone Apple iPhone 8 - 256 Go,5500.0,2022-01-03 00:00:00+00:00,Tout le Maroc,marocannonces
Apple iPhone 8 Plus de 256 Go - carte sim Unlocked,500.0,2022-01-03 00:00:00+00:00,Casablanca,marocannonces
IPHONE 8 PLUS,11000.0,2022-01-03 00:00:00+00:00,Salé,marocannonces
Iphone 7 7+ 8,3500.0,2022-01-03 00:00:00+00:00,Casablanca,marocannonces
Iphone 8 plus 256 gb débloqué,7000.0,2022-01-03 00:00:00+00:00,Casablanca,marocannonces
Iphone 8+ 256 GO,9000.0,2022-01-03 00:00:00+00:00,Tout le Maroc,marocannonces
Iphone 8 plus rouge,8000.0,2022-01-03 00:00:00+00:00,Bouznika,marocannonces
Iphone 8 plus 64 go,6000.0,2022-01-03 00:00:00+00:00,Casablanca,marocannonces
IPHONE 8,7500.0,2022-01-03 00:00:00+00:00,Casablanca,marocannonces
Iphone 8 plus,6700.0,2022-01-03 00:00:00+00:00,Casablanca,marocannonces
Iphone 4s 16go à vendre,2800.0,2022-01-03 00:00:00+00:00,Rabat,marocannonces
Iphone 4s 8 go,2500.0,2022-01-03 00:00:00+00:00,Casablanca,marocannonces
IPHONE 6 PLUS 64GO OR NEUF,4500.0,2022-01-03 00:00:00+00:00,Tout le Maroc,marocannonces
Iphone 4s 16go bon état,1500.0,2022-01-03 00:00:00+00:00,Agadir,marocannonces
Iphone 4 blanc 8 go,2200.0,2022-01-03 00:00:00+00:00,Casablanca,marocannonces
Iphone 4 blanc non décodé,800.0,2022-01-03 00:00:00+00:00,Larache,marocannonces
Iphone 4s blanc 16 go,2000.0,2022-01-03 00:00:00+00:00,Kénitra,marocannonces
Iphone 8 plus 256 gb,8000.0,2022-01-03 00:00:00+00:00,Casablanca,marocannonces
IPhone 4s 16 Go blanc,2400.0,2022-01-03 00:00:00+00:00,Rabat,marocannonces
Iphone 4 noir 8G,1400.0,2022-01-03 00:00:00+00:00,Marrakech,marocannonces
Apple iPhone X 256GB - Pack Space UNLOCKED gris,7500.0,2022-01-03 00:00:00+00:00,Rabat,marocannonces
IPhone 4S 16Go,1800.0,2022-01-03 00:00:00+00:00,Casablanca,marocannonces
IPhone 8 plus,7900.0,2022-01-03 00:00:00+00:00,Marrakech,marocannonces
Iphone 5 prix : 2000 dh,2000.0,2022-01-03 00:00:00+00:00,Casablanca,marocannonces
"Chargeur iPhone 5,6,7,8,...",100.0,2022-01-03 00:00:00+00:00,Casablanca,marocannonces
Iphone 4s blanc officiel 16go,2600.0,2022-01-03 00:00:00+00:00,Fès,marocannonces
iphone 6 gold 16gb,7900.0,2022-01-03 00:00:00+00:00,Casablanca,marocannonces
Nouveau Apple iPhone X,500.0,2022-01-03 00:00:00+00:00,Marrakech,marocannonces
IPhone 8 64Gb,5200.0,2022-01-03 00:00:00+00:00,Casablanca,marocannonces
IPhone 8/Huawei/lg/galaxy s8/HTC m10 neuf sous l'e,5000.0,2022-01-03 00:00:00+00:00,Tiznit,marocannonces
Iphone 8 plus neuf sous emballage,7500.0,2022-01-03 00:00:00+00:00,Casablanca,marocannonces
Oneplus 5T/iPhone x/ Huawei mate 10 Pro / galaxy,7000.0,2022-01-03 00:00:00+00:00,Agadir,marocannonces
iphone 13 256go,9999.0,2022-01-03 00:00:00+00:00,Casablanca,avito
iPhone 13 Pro Max 256Go,15999.0,2022-01-03 00:00:00+00:00,Casablanca,avito
iPhone 12 mini jamais utilisé,6400.0,2022-01-03 00:00:00+00:00,Casablanca,avito
iPhone 4,70.0,2022-01-03 00:00:00+00:00,Ben Guerir,avito
Apple iPhone 11 64Go,6500.0,2022-01-03 00:00:00+00:00,Casablanca,avito
iPhone 11 64Go,5300.0,2022-01-03 00:00:00+00:00,Casablanca,avito
iPhone 8 64 Go,2000.0,2022-01-03 00:00:00+00:00,Casablanca,avito
iphone 12 pro 128gb,7800.0,2022-01-03 00:00:00+00:00,Temara,avito
iPhone 7,5000.0,2022-01-03 00:00:00+00:00,Rabat,avito
IPhone 13 et 12/IPad/macbooc pro/air/Galaxy,11999.0,2022-01-03 00:00:00+00:00,Casablanca,avito
IPHONE 11 64GB,5200.0,2022-01-03 00:00:00+00:00,Salé,avito
iphone 4 original,350.0,2022-01-03 00:00:00+00:00,Marrakech,avito
Iphone 13 pro max/13 pro/13/13 mini/MacBook/ipad,15000.0,2022-01-03 00:00:00+00:00,Marrakech,avito
Ipad pro/iphone 13 Pro Max/Tab S7 plus,16300.0,2022-01-03 00:00:00+00:00,Rabat,avito
iPhone 4 - Sans réseau SIM - 16Go,200.0,2022-01-03 00:00:00+00:00,Fès,avito
iphone 13 256 GB Neuf jamais utilisé,9000.0,2022-01-03 00:00:00+00:00,Casablanca,avito
IPhone 12 Pro NEUF Graphite 128GB,11000.0,2022-01-03 00:00:00+00:00,Tanger,avito
Iphone 4,300.0,2022-01-03 00:00:00+00:00,Tanger,avito
iPhone SE ba9i mtere9,3200.0,2022-01-03 00:00:00+00:00,Casablanca,avito
iPhone 12 64go occasion,6500.0,2022-01-03 00:00:00+00:00,Casablanca,avito
Apple iPhone XR 64 Go Prix DERB GHALLEF,3800.0,2022-01-03 00:00:00+00:00,Casablanca,avito
iphone 13 pro 256go,13500.0,2022-01-03 00:00:00+00:00,Casablanca,avito
IPhone 4 dial bera,350.0,2022-01-03 00:00:00+00:00,Oujda,avito
Iphone 11,5200.0,2022-01-03 00:00:00+00:00,Agadir,avito
Iphone 12 blue 128GB,5500.0,2022-01-03 00:00:00+00:00,Meknès,avito
IPhone 12 White 64GB,6100.0,2022-01-03 00:00:00+00:00,Tanger,avito
Iphone xs,3200.0,2022-01-03 00:00:00+00:00,Agadir,avito
iPhone SE,3500.0,2022-01-03 00:00:00+00:00,Marrakech,avito
Iphone 6s 128gb,950.0,2022-01-03 00:00:00+00:00,Casablanca,avito
iPhone 11 pro max 256gb avec 4 pochettes,7800.0,2022-01-03 00:00:00+00:00,Berrechid,avito
coque et cable et 4 incasable iphone 12 pro,100.0,2022-01-03 00:00:00+00:00,Salé,avito
IPhone 12mini/Oneplus9pro/série 6/IPad pro/MacBook,12000.0,2022-01-03 00:00:00+00:00,Agadir,avito
iPhone 4 en bon état,350.0,2022-01-03 00:00:00+00:00,Agadir,avito
4 pochette iPhone 12 pro max,240.0,2022-01-03 00:00:00+00:00,Agadir,avito
Apple iPhone XS 64Gb,3800.0,2022-01-03 00:00:00+00:00,Agadir,avito
IPhone 13 Pro Max 128Gb,16999.0,2022-01-03 00:00:00+00:00,Tanger,avito
iPhone 11 Pro Max,7000.0,2022-01-03 00:00:00+00:00,Tétouan,avito
Apple iphone 11 128gb neuf ss l'emballage,7500.0,2022-01-03 00:00:00+00:00,Casablanca,avito
iPhone 4 bon état avec chargeur original,350.0,2022-01-03 00:00:00+00:00,Marrakech,avito
iPhone 11 64 gb 4 jours utilisation,6000.0,2022-01-03 00:00:00+00:00,Mohammedia,avito
IPHONE XR ET CHARGEUR RAPID ORIGINAL ET ECOUTEURS,3200.0,2022-01-03 00:00:00+00:00,Kénitra,avito
Iphone 11 Pro Max,8500.0,2022-01-03 00:00:00+00:00,Béni Mellal,avito
iPhone 4,900.0,2022-01-03 00:00:00+00:00,Mohammedia,avito
iPhone 8 plus,3000.0,2022-01-03 00:00:00+00:00,Kénitra,avito
Apple iPhone 11 Pro Max doré,8500.0,2022-01-03 00:00:00+00:00,Agadir,avito
iphone 6 S,700.0,2022-01-03 00:00:00+00:00,Khemisset,avito
iPhone 11 128 Go Blanc comme neuf,6290.0,2022-01-03 00:00:00+00:00,Fès,avito
Apple iPhone 12 128 Go Prix DERB GHALLEF,7600.0,2022-01-03 00:00:00+00:00,Casablanca,avito
Iphone 8 plus bon état avec 4 coques,3500.0,2022-01-03 00:00:00+00:00,Casablanca,avito
Iphone 11,6800.0,2022-01-03 00:00:00+00:00,Fès,avito
iPhone XS,3700.0,2022-01-03 00:00:00+00:00,Casablanca,avito
iPhone XS,3700.0,2022-01-03 00:00:00+00:00,Casablanca,avito
IPhone 8 Plus 64 gb 83 etat,3200.0,2022-01-03 00:00:00+00:00,Béni Mellal,avito
IPhone 8 Plus 64 gb 83 etat,3200.0,2022-01-03 00:00:00+00:00,Béni Mellal,avito
Iphone 4 s,222.0,2022-01-03 00:00:00+00:00,Berrechid,avito
iPhone 11 Pro Max,7500.0,2022-01-03 00:00:00+00:00,Casablanca,avito
iphone 4,250.0,2022-01-03 00:00:00+00:00,Oujda,avito
iPhone 12 Pro Max Pacific Blue 256GB,13800.0,2022-01-03 00:00:00+00:00,Tanger,avito
iPhone 8 Apple,2600.0,2022-01-03 00:00:00+00:00,Casablanca,avito
iphone 11 64gb,6400.0,2022-01-03 00:00:00+00:00,Oujda,avito
Iphone 11 pro max,6500.0,2022-01-03 00:00:00+00:00,Marrakech,avito
IPHONE 12 PRO MAX,9500.0,2022-01-03 00:00:00+00:00,Casablanca,avito
Iphone 12 pro Max,10499.0,2022-01-03 00:00:00+00:00,Marrakech,avito
Iphone 4 pour piéces,200.0,2022-01-03 00:00:00+00:00,Nador,avito
iPhone X 256gb,3600.0,2022-01-03 00:00:00+00:00,Mohammedia,avito
Iphone 4 en bon état,250.0,2022-01-03 00:00:00+00:00,Rabat,avito
iPhone Xs Max Gold 64 GB,7000.0,2022-01-03 00:00:00+00:00,Casablanca,avito
IPHONE 11 PRO MAX,7899.0,2022-01-03 00:00:00+00:00,Marrakech,avito
Iphone 8 plus,2500.0,2022-01-03 00:00:00+00:00,El Jadida,avito
Iphone 11 pro,6500.0,2022-01-03 00:00:00+00:00,Kénitra,avito
Iphone 12 pro,9000.0,2022-01-03 00:00:00+00:00,Casablanca,avito
iPhone XR neuf 64gb,3700.0,2022-01-03 00:00:00+00:00,Meknès,avito
iPhone 4s bon êtas,350.0,2022-01-03 00:00:00+00:00,Casablanca,avito
IPHONE 12 / 128 GB AVEC SON CHARGEUR 18W,8000.0,2022-01-03 00:00:00+00:00,Casablanca,avito
IPhone XS 64GB,4250.0,2022-01-03 00:00:00+00:00,Kénitra,avito
IPhone xs,4500.0,2022-01-03 00:00:00+00:00,Meknès,avito
ri afichour ett iPhone 4 s,750.0,2022-01-03 00:00:00+00:00,Casablanca,avito
iPhone X 64 Go original,3000.0,2022-01-03 00:00:00+00:00,Laâyoune,avito
Iphone 11,6000.0,2022-01-03 00:00:00+00:00,Casablanca,avito
iPhone XS Max Gold 512GB,6500.0,2022-01-03 00:00:00+00:00,Casablanca,avito
iPhone XS Max Gold 512GB,7500.0,2022-01-03 00:00:00+00:00,Casablanca,avito
iPhone XS Max 512GB Gold,7500.0,2022-01-03 00:00:00+00:00,Bouskoura,avito
Iphone 11 pro a vendre,8500.0,2022-01-03 00:00:00+00:00,Casablanca,avito
Apple IPhone 11,5500.0,2022-01-03 00:00:00+00:00,Berkane,avito
Iphone 4 16GB,350.0,2022-01-03 00:00:00+00:00,Casablanca,avito
iphone 8 plus n9iii bzzf prix fixe,2800.0,2022-01-03 00:00:00+00:00,Fès,avito
IPhone 4 fih darba mais khdam 3adi,300.0,2022-01-03 00:00:00+00:00,Salé,avito
iPhone 8 plus,3500.0,2022-01-03 00:00:00+00:00,Khouribga,avito
iPhone 8 ou 8 Plus,2000.0,2022-01-03 00:00:00+00:00,Casablanca,avito
Iphone Xs 256Gb,5100.0,2022-01-03 00:00:00+00:00,Rabat,avito
Iphone 8 normal,2500.0,2022-01-03 00:00:00+00:00,Agadir,avito
iPhone 7 bqi jdid,1250.0,2022-01-03 00:00:00+00:00,Casablanca,avito
IPHONE 7 NOIR 32 Go,1500.0,2022-01-03 00:00:00+00:00,Rabat,avito
